{
  "best_val": 2.374578399658203,
  "test_loss": 2.407343623638153,
  "test_ppl": 11.10442440158785
}