{
  "best_val": 1.957995616197586,
  "test_loss": 2.030986959338188,
  "test_ppl": 7.621604862031731
}