{
  "best_val": 1.8534201431274413,
  "test_loss": 1.9219950246810913,
  "test_ppl": 6.834580032945568
}