{
  "best_val": 1.7164424574375152,
  "test_loss": 1.9284985256195069,
  "test_ppl": 6.879173580517233
}