{
  "best_val": 1.8105963492393493,
  "test_loss": 1.949462468624115,
  "test_ppl": 7.024910455735941
}